INSERT INTO rol (name) VALUES ('ADMIN');
INSERT INTO rol (name) VALUES ('ADMIN_PRODUCTO');
INSERT INTO rol (name) VALUES ('PRUEB12');
INSERT INTO rol (name) VALUES ('PRUEBA');
INSERT INTO rol (name) VALUES ('PRUEBA4');
INSERT INTO rol (name) VALUES ('PRUEBA5');
INSERT INTO rol (name) VALUES ('PRUEBA6');
INSERT INTO rol (name) VALUES ('PRUEBA7');
INSERT INTO rol (name) VALUES ('PRUEBA8');
INSERT INTO rol (name) VALUES ('PRUEBA9');
INSERT INTO rol (name) VALUES ('PRUEBA_MAS');
INSERT INTO rol (name) VALUES ('PURBRA');
INSERT INTO rol (name) VALUES ('USER');

INSERT INTO usuario (email,name,password,imagen,google,create_at) VALUES ('email@email.com','Usuarios Prueba','$2a$10$Fl2v3Htwnr.nMYa3KnH68O9QPq/Ft8dRIcYXAIaQgGxmZ912WBNlK','https://th.bing.com/th/id/OIP.TSdjZaOzQAo_pkVZWysyUAHaHa?w=209&h=209&c=7&r=0&o=5&pid=1.7',0,NULL);
INSERT INTO usuario (email,name,password,imagen,google,create_at) VALUES ('email1@email.com','usuario defecto','$2a$10$vVWuiOHc6ezYVMVeaXIrueLld5IkAuQHRImU9SZtEdJNRBEA3CzrG','https://santaisabel.vteximg.com.br/arquivos/ids/420236-280-280?width=280&height=280&aspect=true',0,NULL);
INSERT INTO usuario (email,name,password,imagen,google,create_at) VALUES ('email3@email.com','Usuario nuevo','$2a$10$qHJuOIL5LfL6Jz/cRgK2COLXzyFZTlFAX6zhIOodzABclYA/3My1K','img1',0,NULL);
INSERT INTO usuario (email,name,password,imagen,google,create_at) VALUES ('email4@email.com','Usuario Viejo','$2a$10$9sRTvkCP1YA0t1gr1vM7Cu4/s.ZikR.XoCMQV5QYpqGXqbX/MhELi','img',0,NULL);
INSERT INTO usuario (email,name,password,imagen,google,create_at) VALUES ('email5@email.com','Usuario a eliminar','$2a$10$GAS7oo/P5a8tqAjBFm4e6uIN8i34ewgMcm7usLhbq9GXAPadyrsU6','img',0,NULL);
INSERT INTO usuario (email,name,password,imagen,google,create_at) VALUES ('email6@email.com','Usuario a eliminar','$2a$10$Aft8m8KkC/iOj3axj7v/ZeF/UzkPVX7qqekwy3oB058jaNES87pmS','img',0,NULL);
INSERT INTO usuario (email,name,password,imagen,google,create_at) VALUES ('email7@email.com','Usuario a eliminar','$2a$10$KmbKFpo8XoHRG5OCrrDWFOOT7Tmx/8a1iZDwHreNW/ItBOaBYplh6','img',0,NULL);
INSERT INTO usuario (email,name,password,imagen,google,create_at) VALUES ('email8@email.com','Usuario a eliminar','$2a$10$Ipl5dD6GgQgpkWobWoL.heI/A/dN7W7TW5AjIDwzs/Hil2o52wal6','img',0,NULL);
INSERT INTO usuario (email,name,password,imagen,google,create_at) VALUES ('email12@email.com','Usuario a eliminar','$2a$10$0Nu2eAipTmSm8MIDDGGHUO6JZwJsBEZg1mtq1NHTVag1T50YnNgi.','img',0,NULL);
INSERT INTO usuario (email,name,password,imagen,google,create_at) VALUES ('email13@email.com','Usuario a eliminar','$2a$10$6rnsRAF7gqQ7.V6VvgKJl.FoBRVa7ZbRFvj/gelNDKKzFHLGp8m/2','img',0,NULL);
INSERT INTO usuario (email,name,password,imagen,google,create_at) VALUES ('email14@email.com','Usuario a eliminar','$2a$10$yWC6l8mZ8xgNg9yFA68pxOD2VitA6F/LSdv4ne5q/3coBRghrCI3G','img',0,NULL);
INSERT INTO usuario (email,name,password,imagen,google,create_at) VALUES ('email15@email.com','Usuario a eliminar','$2a$10$QutMgLL1.9BUefKHJg0a3u6WV87aTmdmXOIZHzFt5lwRHjri2ZHRO','img',0,NULL);
INSERT INTO usuario (email,name,password,imagen,google,create_at) VALUES ('email16@email.com','Usuario a eliminar','$2a$10$47xcFde5Bu9RH/oWuTHiDewRuWgtpZqJ7iaT0GM3E5IUYbdztmT6O','img',0,NULL);
INSERT INTO usuario (email,name,password,imagen,google,create_at) VALUES ('email17@email.com','Usuario a eliminar','$2a$10$V/uWwKWLC7JUH0HLwKUw9ef4UGqth6.F7Vr6ojZ5tnWQEhKjTDW2C','img',0,NULL);
INSERT INTO usuario (email,name,password,imagen,google,create_at) VALUES ('email18@email.com','Usuario a eliminar','$2a$10$dAp8v0f1vUTHABwRLwLp9eqTHepCy/VxdrMgmVaCyvRKUV5lfTxde','img',0,NULL);
INSERT INTO usuario (email,name,password,imagen,google,create_at) VALUES ('email19@email.com','Usuario a eliminar','$2a$10$Kkt8B9FhxdRxO4AkYuGeFOXi/AP1yKueXxvHsf4eBNgtuFrMpQfhi','img',0,NULL);
INSERT INTO usuario (email,name,password,imagen,google,create_at) VALUES ('email20@email.com','Usuario a eliminar','$2a$10$LnHPlKORGE/IthvEVmyYDev5qzJf2/IeXx4AtNLBrmY8mIS9r.Vem','img',0,NULL);
INSERT INTO usuario (email,name,password,imagen,google,create_at) VALUES ('email30@email.com','Prueba','$2a$10$oT1VR.t.s1u4AQUbmxvuBu1rP0v7Jk9zq/hIyDfXPAbROD48Ql11e','1234',0,NULL);
INSERT INTO usuario (email,name,password,imagen,google,create_at) VALUES ('email31@email.com','Prueba','$2a$10$Ibl61efv.D8/0oTtWc2YQ.BqOXY/awOV.YaV6iVS6zny0QLzuDiUm','1234',0,NULL);
INSERT INTO usuario (email,name,password,imagen,google,create_at) VALUES ('email32@gmail.com','Prueba32','$2a$10$KkILgRCGH2KzZwmCBSXw9e0x4VkP2tRWXfVDS/2fjOkKG9sAVNAse','1234',0,NULL);
INSERT INTO usuario (email,name,password,imagen,google,create_at) VALUES ('emai33l@email.com','Prueba33','$2a$10$RcuNE1GvFZvp4obsycU79.62D5/F1ItGoqaqD14HQlp2erOxMU.vW','1234',0,NULL);
INSERT INTO usuario (email,name,password,imagen,google,create_at) VALUES ('email34@email.com','prueba34','$2a$10$kIH8shiIyvK1dcerrCLOM.swifmLG24qtHkCk382YfV2Be5OeXnyi','1234',0,NULL);
INSERT INTO usuario (email,name,password,imagen,google,create_at) VALUES ('email35@email.com','prueba35','$2a$10$W6KvMy5oE6fotglJevcIq.74JMCziusJGyAOYD2T88c7Qt.khd/Xu','',0,NULL);

INSERT INTO usuario_rol (usuario_id,rol_id) VALUES (3,1);
INSERT INTO usuario_rol (usuario_id,rol_id) VALUES (1,1);
INSERT INTO usuario_rol (usuario_id,rol_id) VALUES (9,2);
INSERT INTO usuario_rol (usuario_id,rol_id) VALUES (9,1);
INSERT INTO usuario_rol (usuario_id,rol_id) VALUES (10,2);
INSERT INTO usuario_rol (usuario_id,rol_id) VALUES (11,2);
INSERT INTO usuario_rol (usuario_id,rol_id) VALUES (12,2);
INSERT INTO usuario_rol (usuario_id,rol_id) VALUES (14,2);
INSERT INTO usuario_rol (usuario_id,rol_id) VALUES (18,2);
INSERT INTO usuario_rol (usuario_id,rol_id) VALUES (19,2);
INSERT INTO usuario_rol (usuario_id,rol_id) VALUES (20,2);
INSERT INTO usuario_rol (usuario_id,rol_id) VALUES (21,2);
INSERT INTO usuario_rol (usuario_id,rol_id) VALUES (22,2);
INSERT INTO usuario_rol (usuario_id,rol_id) VALUES (23,2);
INSERT INTO usuario_rol (usuario_id,rol_id) VALUES (24,2);
INSERT INTO usuario_rol (usuario_id,rol_id) VALUES (25,2);
INSERT INTO usuario_rol (usuario_id,rol_id) VALUES (26,2);
INSERT INTO usuario_rol (usuario_id,rol_id) VALUES (27,2);
INSERT INTO usuario_rol (usuario_id,rol_id) VALUES (28,2);
INSERT INTO usuario_rol (usuario_id,rol_id) VALUES (29,2);
INSERT INTO usuario_rol (usuario_id,rol_id) VALUES (30,2);
INSERT INTO usuario_rol (usuario_id,rol_id) VALUES (31,2);
INSERT INTO usuario_rol (usuario_id,rol_id) VALUES (32,2);
INSERT INTO usuario_rol (usuario_id,rol_id) VALUES (13,2);
INSERT INTO usuario_rol (usuario_id,rol_id) VALUES (13,1);

INSERT INTO sesion (id,email,expiration_date,estado) VALUES ('00fe270f-eaf3-451a-b394-f06f05ecd80c','email@email.com','2024-08-28 23:41:00.705000','INACTIVO');
INSERT INTO sesion (id,email,expiration_date,estado) VALUES ('11c0a90c-9d0b-4d1a-ad81-6fb424eb7b89','email@email.com','2024-08-29 02:05:31.529000','INACTIVO');
INSERT INTO sesion (id,email,expiration_date,estado) VALUES ('19bbc9c4-247f-43d5-b289-976ab57f7400','email@email.com','2024-08-29 02:02:11.002000','INACTIVO');
INSERT INTO sesion (id,email,expiration_date,estado) VALUES ('1b15fef5-8f33-4fa6-b26e-a06cf7de96e4','email@email.com','2024-08-31 01:26:22.297000','INACTIVO');
INSERT INTO sesion (id,email,expiration_date,estado) VALUES ('1b369dc6-ca15-4e5f-bb52-33cab07aae82','email@email.com','2024-08-27 02:54:30.981000','INACTIVO');
INSERT INTO sesion (id,email,expiration_date,estado) VALUES ('1c8a04a4-d3fc-4d03-8c7d-f5f3ddc7f81e','email@email.com','2024-08-29 02:04:09.738000','INACTIVO');
INSERT INTO sesion (id,email,expiration_date,estado) VALUES ('1d8509bd-f638-466f-aa1e-4ef3a34b19ec','email@email.com','2024-08-27 22:10:41.442000','INACTIVO');
INSERT INTO sesion (id,email,expiration_date,estado) VALUES ('24bae6e4-6eb7-40ef-bbdd-9bd9beeea6b1','email@email.com','2024-08-27 22:15:43.199000','INACTIVO');
INSERT INTO sesion (id,email,expiration_date,estado) VALUES ('2c9564db-057d-4ecb-89f1-998ca66ddda2','email1@email.com','2024-08-29 03:24:01.381000','INACTIVO');
INSERT INTO sesion (id,email,expiration_date,estado) VALUES ('30ccf951-4f1e-409c-b2a1-c17ad2d0774f','email@email.com','2024-09-04 04:50:12.691000','INACTIVO');
INSERT INTO sesion (id,email,expiration_date,estado) VALUES ('36dd0911-dc71-47b1-bfea-ea2da28f539b','email@email.com','2024-08-27 21:13:49.893000','INACTIVO');
INSERT INTO sesion (id,email,expiration_date,estado) VALUES ('4a6f4843-39b1-4fa1-bc0c-5bd0e486dbf9','email@email.com','2024-08-28 23:42:05.494000','INACTIVO');
INSERT INTO sesion (id,email,expiration_date,estado) VALUES ('4adcca4e-8917-44e9-a277-7e03de3b548e','email@email.com','2024-08-27 03:54:16.976000','INACTIVO');
INSERT INTO sesion (id,email,expiration_date,estado) VALUES ('524e5a08-2f56-493e-914c-00c71b382560','email@email.com','2024-08-29 02:04:38.445000','INACTIVO');
INSERT INTO sesion (id,email,expiration_date,estado) VALUES ('56b24278-a0d6-477f-bc18-a836128c3150','email@email.com','2024-08-27 04:07:49.540000','INACTIVO');
INSERT INTO sesion (id,email,expiration_date,estado) VALUES ('601bc624-efda-4001-9459-50e2a0ce3159','email1@email.com','2024-08-29 02:23:25.570000','INACTIVO');
INSERT INTO sesion (id,email,expiration_date,estado) VALUES ('643964c5-22e0-4145-a51a-00d19a35b523','email@email.com','2024-08-29 01:48:59.949000','INACTIVO');
INSERT INTO sesion (id,email,expiration_date,estado) VALUES ('675e990f-b908-4c90-9a3c-a4805744c644','email@email.com','2024-08-28 23:42:39.375000','INACTIVO');
INSERT INTO sesion (id,email,expiration_date,estado) VALUES ('6a53f0e2-3e71-4b18-a087-7f5ca2a68d60','email@email.com','2024-08-28 21:26:04.508000','INACTIVO');
INSERT INTO sesion (id,email,expiration_date,estado) VALUES ('77962506-6c4a-40b6-9875-8a695ee5b0e7','email@email.com','2024-08-28 04:34:12.334000','INACTIVO');
INSERT INTO sesion (id,email,expiration_date,estado) VALUES ('7ef75631-5a51-4585-950e-4d5c5d5097e1','email@email.com','2024-08-29 02:05:07.769000','INACTIVO');
INSERT INTO sesion (id,email,expiration_date,estado) VALUES ('80272a64-2fc5-42da-a5ad-2c0c83ef5ad5','email@email.com','2024-08-27 22:02:32.701000','INACTIVO');
INSERT INTO sesion (id,email,expiration_date,estado) VALUES ('82f1d05d-ad5f-4032-8cf2-ea7cdc11c0e1','email@email.com','2024-08-29 22:20:50.520000','INACTIVO');
INSERT INTO sesion (id,email,expiration_date,estado) VALUES ('8321964f-a47d-413e-ae5e-8207094b566a','email@email.com','2024-08-28 04:46:04.061000','INACTIVO');
INSERT INTO sesion (id,email,expiration_date,estado) VALUES ('84c62ab1-fce1-4aa3-8161-cb4b2b29387f','email@email.com','2024-08-27 03:17:44.459000','INACTIVO');
INSERT INTO sesion (id,email,expiration_date,estado) VALUES ('86b416f4-f1b6-48b4-ba5a-b375a55fb027','email@email.com','2024-08-29 02:03:38.504000','INACTIVO');
INSERT INTO sesion (id,email,expiration_date,estado) VALUES ('8a20343e-18ff-447c-9d18-e325b1c73bb1','email@email.com','2024-08-27 21:33:08.695000','INACTIVO');
INSERT INTO sesion (id,email,expiration_date,estado) VALUES ('9302d879-e46c-4012-aa61-c561ef5b1a67','email@email.com','2024-08-31 01:27:37.671000','INACTIVO');
INSERT INTO sesion (id,email,expiration_date,estado) VALUES ('98f7e92c-9e61-4b35-9134-0cc2f5b75fe6','email@email.com','2024-08-29 01:51:14.081000','INACTIVO');
INSERT INTO sesion (id,email,expiration_date,estado) VALUES ('9d19ad97-1e7a-4d0e-a508-c7cac8744b3e','email@email.com','2024-08-28 23:36:34.047000','INACTIVO');
INSERT INTO sesion (id,email,expiration_date,estado) VALUES ('9e271db2-67c0-4892-b19f-e7d63aec7bc6','email@email.com','2024-08-29 01:39:53.353000','INACTIVO');
INSERT INTO sesion (id,email,expiration_date,estado) VALUES ('9edec472-c900-4ce9-ad29-568151a47e30','email@email.com','2024-08-27 03:01:05.475000','INACTIVO');
INSERT INTO sesion (id,email,expiration_date,estado) VALUES ('a6f14979-b0b7-414c-ac30-e3627ff86674','email@email.com','2024-08-29 02:27:01.691000','INACTIVO');
INSERT INTO sesion (id,email,expiration_date,estado) VALUES ('a983f14a-7433-4df6-ae32-7e2d997c6e80','email@email.com','2024-08-27 22:25:54.584000','INACTIVO');
INSERT INTO sesion (id,email,expiration_date,estado) VALUES ('adc85fba-72b8-4f55-a2dc-d4edadfe2861','email@email.com','2024-08-29 02:28:48.981000','INACTIVO');
INSERT INTO sesion (id,email,expiration_date,estado) VALUES ('b0be1555-9647-4aa3-8a07-ebf7edc785e9','email@email.com','2024-08-27 22:26:24.737000','INACTIVO');
INSERT INTO sesion (id,email,expiration_date,estado) VALUES ('bde7803e-2f14-48a3-95b2-90195de5a3f4','email@email.com','2024-08-27 03:00:58.257000','INACTIVO');
INSERT INTO sesion (id,email,expiration_date,estado) VALUES ('c3e8f1d0-8837-4815-a5ab-cc166c5c9a3f','email@email.com','2024-08-29 03:24:49.175000','INACTIVO');
INSERT INTO sesion (id,email,expiration_date,estado) VALUES ('c698a782-746e-491a-9179-2db9ea52fb2e','email@email.com','2024-08-29 02:39:29.088000','INACTIVO');
INSERT INTO sesion (id,email,expiration_date,estado) VALUES ('d9d40322-da82-4250-8806-90ff063f4357','email@email.com','2024-08-28 23:39:56.271000','INACTIVO');
INSERT INTO sesion (id,email,expiration_date,estado) VALUES ('dc8839d1-e20c-42f9-97c6-3a4e3ad30e83','email@email.com','2024-09-23 22:45:16.554000','ACTIVO');
INSERT INTO sesion (id,email,expiration_date,estado) VALUES ('e38a1dfe-934e-493c-a438-18cac37cd834','email@email.com','2024-08-27 22:10:08.745000','INACTIVO');